05/01/2014; FCB; Beer; 154200
05/01/2014; FCB; Beer; 27327
05/01/2014; FCB; Beer; 7373758
05/01/2014; FCB; Beer; 378373
05/01/2014; FCB; Beer; 1583734200
05/01/2014; FCB; Beer; 15428737800
05/01/2014; FCB; Beer; 1548737800
05/01/2014; FCB; Beer; 8737837
05/01/2014; FCB; Beer; 1547837200
05/01/2014; FCB; Beer; 7373
05/01/2014; FCB; Beer; 154737200
05/01/2014; FCB; Beer; 737
05/01/2014; FCB; Beer; 1547373200
05/01/2014; FCB; Beer; 737
05/01/2014; FCB; Beer; 1547373200
05/01/2014; FCB; Beer; 17275
05/01/2014; FCB; Beer; 73737
05/01/2014; FCB; Beer; 73788793
05/01/2014; FCB; Beer; 73793737
05/01/2014; FCB; Beer; 3783873727
05/01/2014; FCB; Beer; 78387373
05/01/2014; FCB; Beer; 154873737200
05/01/2014; FCB; Beer; 73873783
05/01/2014; FCB; Beer; 7373732
05/01/2014; FCB; Beer; 154783783200
05/01/2014; FCB; Beer; 1547373200
05/01/2014; FCB; Beer; 157374200
05/01/2014; FCB; Beer; 172893
05/01/2014; FCB; Beer; 175272
05/01/2014; FCB; Beer; 573753
05/01/2014; FCB; Beer; 3753734